cand,sig_rate,roe_std_pp
B0,1.0,0.06689430951041314
B3,1.0,0.07366474646379177
B4,1.0,0.07396126709944831
