{
  "total_trades": 60,
  "win_rate": 0.75,
  "avg_win": 2453.05441999773,
  "avg_loss": -1928.175386735413,
  "expectancy": 1357.7469683144445,
  "total_pnl": 81464.81809886667,
  "max_drawdown": -9391.917240747534,
  "sharpe": 2.13,
  "calmar": 8.67,
  "cvar5": -4015.365798741533,
  "cvar10": -3219.316533605519,
  "skew": 0.117,
  "kurt": 1.175,
  "by_strategy": {
    "Bear Call Spread (High Vol)": {
      "n": 1,
      "win_rate": 0.0,
      "avg_pnl": -2166.832661567795,
      "avg_rom": -3.138,
      "median_rom": -3.138
    },
    "Iron Condor (High Vol)": {
      "n": 10,
      "win_rate": 1.0,
      "avg_pnl": 1620.4166357801196,
      "avg_rom": 4.218,
      "median_rom": 4.134
    },
    "Bull Call Diagonal": {
      "n": 21,
      "win_rate": 0.6190476190476191,
      "avg_pnl": 1795.9183885020057,
      "avg_rom": -0.55,
      "median_rom": 1.855
    },
    "Iron Condor": {
      "n": 13,
      "win_rate": 0.8461538461538461,
      "avg_pnl": 1245.0910360536768,
      "avg_rom": 2.188,
      "median_rom": 2.437
    },
    "Bull Put Spread": {
      "n": 14,
      "win_rate": 0.7142857142857143,
      "avg_pnl": 842.7888768257637,
      "avg_rom": 2.363,
      "median_rom": 3.57
    },
    "Bull Put Spread (High Vol)": {
      "n": 1,
      "win_rate": 1.0,
      "avg_pnl": 1727.9704998326497,
      "avg_rom": 8.581,
      "median_rom": 8.581
    }
  }
}